tth,COR,HYM,CAL
5.01823028,624,841,662
5.044490845,679,870,664
5.070751411,733,860,615
5.097011976,611,805,618
5.123272541,671,819,684
5.149533107,645,742,671
5.175793672,673,827,609
5.202054237,687,811,617
5.228314803,687,785,648
5.254575368,647,841,619
5.280835934,680,817,633
5.307096499,671,829,614
5.333357064,641,783,675
5.35961763,626,749,657
5.385878195,636,837,671
5.41213876,653,743,626
5.438399326,650,759,630
5.464659891,607,783,632
5.490920456,631,783,646
5.517181022,705,790,657
5.543441587,627,760,667
5.569702152,639,823,626
5.595962718,628,710,601
5.622223283,605,819,639
5.648483849,621,774,595
5.674744414,604,721,600
5.701004979,608,771,623
5.727265545,620,748,611
5.75352611,653,746,586
5.779786675,583,739,607
5.806047241,649,730,620
5.832307806,613,664,614
5.858568371,644,711,635
5.884828937,574,746,616
5.911089502,588,687,610
5.937350067,630,728,629
5.963610633,591,706,579
5.989871198,596,744,624
6.016131764,543,729,638
6.042392329,631,705,603
6.068652894,618,699,613
6.09491346,579,685,579
6.121174025,620,693,622
6.14743459,572,672,613
6.173695156,592,702,581
6.199955721,584,674,606
6.226216286,595,740,593
6.252476852,582,684,634
6.278737417,604,657,613
6.304997982,589,652,611
6.331258548,598,643,619
6.357519113,551,663,601
6.383779678,599,716,572
6.410040244,565,670,540
6.436300809,591,643,606
6.462561375,578,671,581
6.48882194,543,706,623
6.515082505,574,675,583
6.541343071,623,691,579
6.567603636,607,685,596
6.593864201,560,689,544
6.620124767,556,684,590
6.646385332,561,683,548
6.672645897,552,700,554
6.698906463,588,694,584
6.725167028,593,626,575
6.751427593,562,686,562
6.777688159,562,627,569
6.803948724,526,643,596
6.83020929,584,673,581
6.856469855,603,641,498
6.88273042,589,635,583
6.908990986,565,691,571
6.935251551,553,692,551
6.961512116,558,632,573
6.987772682,557,692,593
7.014033247,573,617,596
7.040293812,574,594,613
7.066554378,510,691,551
7.092814943,595,610,576
7.119075508,588,622,592
7.145336074,537,631,527
7.171596639,496,665,570
7.197857205,560,616,554
7.22411777,557,599,569
7.250378335,570,625,494
7.276638901,560,642,546
7.302899466,593,638,632
7.329160031,555,655,568
7.355420597,552,612,582
7.381681162,541,597,528
7.407941727,553,635,537
7.434202293,536,654,555
7.460462858,483,620,581
7.486723423,528,655,542
7.512983989,543,675,579
7.539244554,526,622,583
7.56550512,536,636,529
7.591765685,527,618,553
7.61802625,521,625,566
7.644286816,505,662,551
7.670547381,530,637,508
7.696807946,516,598,531
7.723068512,525,615,551
7.749329077,523,628,503
7.775589642,512,632,544
7.801850208,544,638,452
7.828110773,522,640,549
7.854371338,531,589,597
7.880631904,543,596,545
7.906892469,523,658,558
7.933153034,524,630,543
7.9594136,550,613,564
7.985674165,486,611,547
8.011934731,549,611,522
8.038195296,503,594,532
8.064455861,541,602,489
8.090716427,491,586,497
8.116976992,514,568,532
8.143237557,509,579,511
8.169498123,510,645,533
8.195758688,472,571,556
8.222019253,516,557,504
8.248279819,493,637,510
8.274540384,500,615,490
8.300800949,509,624,510
8.327061515,500,604,568
8.35332208,498,593,480
8.379582646,517,627,496
8.405843211,491,604,480
8.432103776,479,649,559
8.458364342,541,580,438
8.484624907,531,620,480
8.510885472,479,596,512
8.537146038,501,605,499
8.563406603,481,585,483
8.589667168,481,580,506
8.615927734,451,601,518
8.642188299,459,584,500
8.668448864,513,609,513
8.69470943,470,604,504
8.720969995,532,606,465
8.747230561,476,621,499
8.773491126,494,663,529
8.799751691,493,632,505
8.826012257,452,600,486
8.852272822,471,652,528
8.878533387,488,607,484
8.904793953,491,658,491
8.931054518,461,634,472
8.957315083,480,643,473
8.983575649,488,693,513
9.009836214,485,704,458
9.036096779,517,692,467
9.062357345,461,708,527
9.08861791,438,723,501
9.114878475,438,777,496
9.141139041,494,804,507
9.167399606,444,830,476
9.193660172,449,941,465
9.219920737,506,980,477
9.246181302,446,1030,481
9.272441868,490,1083,465
9.298702433,481,1178,475
9.324962998,469,1265,472
9.351223564,468,1460,455
9.377484129,461,1486,456
9.403744694,445,1749,498
9.43000526,413,1737,454
9.456265825,484,2028,474
9.48252639,416,2128,455
9.508786956,440,2392,475
9.535047521,453,2477,460
9.561308087,424,2645,499
9.587568652,460,2730,467
9.613829217,413,2804,472
9.640089783,469,2721,454
9.666350348,467,2596,463
9.692610913,456,2393,458
9.718871479,459,2134,444
9.745132044,446,1960,466
9.771392609,420,1712,466
9.797653175,459,1531,474
9.82391374,439,1335,428
9.850174305,477,1242,464
9.876434871,451,1010,451
9.902695436,442,1014,440
9.928956002,426,842,461
9.955216567,432,790,447
9.981477132,457,802,448
10.0077377,412,723,442
10.03399826,451,689,414
10.06025883,420,659,498
10.08651939,442,614,448
10.11277996,421,654,460
10.13904052,422,644,430
10.16530109,443,588,423
10.19156166,420,590,431
10.21782222,475,549,448
10.24408279,414,587,462
10.27034335,438,556,427
10.29660392,422,532,415
10.32286448,403,499,445
10.34912505,418,537,447
10.37538561,454,515,466
10.40164618,437,568,460
10.42790674,401,553,414
10.45416731,404,566,405
10.48042787,430,536,417
10.50668844,430,505,399
10.53294901,413,497,425
10.55920957,398,527,464
10.58547014,393,525,400
10.6117307,447,482,420
10.63799127,417,536,435
10.66425183,420,562,433
10.6905124,378,483,413
10.71677296,413,500,436
10.74303353,391,456,431
10.76929409,426,461,435
10.79555466,391,478,442
10.82181522,410,471,457
10.84807579,414,485,434
10.87433635,416,509,415
10.90059692,418,503,409
10.92685749,435,468,426
10.95311805,413,472,389
10.97937862,408,481,395
11.00563918,400,464,397
11.03189975,406,472,386
11.05816031,434,470,442
11.08442088,390,502,361
11.11068144,430,469,415
11.13694201,396,449,399
11.16320257,392,437,395
11.18946314,419,451,418
11.2157237,414,462,400
11.24198427,385,484,407
11.26824484,399,473,400
11.2945054,406,461,395
11.32076597,364,524,406
11.34702653,365,470,408
11.3732871,409,433,407
11.39954766,412,459,421
11.42580823,406,421,396
11.45206879,380,457,380
11.47832936,382,452,388
11.50458992,345,456,434
11.53085049,392,449,395
11.55711105,390,449,391
11.58337162,373,432,377
11.60963218,408,441,377
11.63589275,368,439,364
11.66215332,370,443,382
11.68841388,360,471,401
11.71467445,396,461,413
11.74093501,354,420,403
11.76719558,391,455,402
11.79345614,393,472,403
11.81971671,389,467,407
11.84597727,320,438,427
11.87223784,382,424,378
11.8984984,356,450,411
11.92475897,396,419,397
11.95101953,380,477,395
11.9772801,353,482,352
12.00354067,366,441,378
12.02980123,330,438,392
12.0560618,320,384,310
12.08232236,384,416,381
12.10858293,372,468,372
12.13484349,351,405,346
12.16110406,360,474,400
12.18736462,376,455,380
12.21362519,364,456,343
12.23988575,343,419,364
12.26614632,366,447,351
12.29240688,366,463,360
12.31866745,349,425,360
12.34492801,369,425,338
12.37118858,340,447,392
12.39744915,341,431,356
12.42370971,379,421,345
12.44997028,327,456,380
12.47623084,334,439,365
12.50249141,331,450,364
12.52875197,354,423,369
12.55501254,362,393,370
12.5812731,367,427,352
12.60753367,344,443,374
12.63379423,355,440,342
12.6600548,364,449,368
12.68631536,321,444,346
12.71257593,351,431,345
12.7388365,397,424,389
12.76509706,355,428,335
12.79135763,357,428,372
12.81761819,327,444,375
12.84387876,318,447,341
12.87013932,355,444,343
12.89639989,354,424,340
12.92266045,353,429,337
12.94892102,363,462,325
12.97518158,298,483,370
13.00144215,328,445,364
13.02770271,321,466,357
13.05396328,387,418,331
13.08022384,315,463,322
13.10648441,327,440,350
13.13274498,332,451,324
13.15900554,316,539,366
13.18526611,318,453,354
13.21152667,324,460,344
13.23778724,348,474,372
13.2640478,326,523,330
13.29030837,332,543,360
13.31656893,319,528,327
13.3428295,353,558,336
13.36909006,345,587,315
13.39535063,344,586,352
13.42161119,318,617,337
13.44787176,330,687,340
13.47413233,303,729,331
13.50039289,326,735,327
13.52665346,291,853,314
13.55291402,305,930,327
13.57917459,332,1019,313
13.60543515,301,1220,320
13.63169572,338,1377,343
13.65795628,324,1597,334
13.68421685,270,1828,339
13.71047741,281,2037,325
13.73673798,303,2334,339
13.76299854,333,2556,317
13.78925911,313,2734,316
13.81551967,308,2985,326
13.84178024,334,2821,324
13.86804081,302,2792,328
13.89430137,289,2517,330
13.92056194,292,2259,310
13.9468225,277,1846,294
13.97308307,305,1571,335
13.99934363,291,1414,275
14.0256042,319,1166,306
14.05186476,305,1049,307
14.07812533,285,886,269
14.10438589,270,807,344
14.13064646,321,767,305
14.15690702,289,629,312
14.18316759,307,624,300
14.20942815,281,555,308
14.23568872,307,517,304
14.26194929,299,507,272
14.28820985,297,560,293
14.31447042,298,465,332
14.34073098,295,510,296
14.36699155,293,492,324
14.39325211,307,498,300
14.41951268,262,456,316
14.44577324,311,441,310
14.47203381,304,478,301
14.49829437,292,483,314
14.52455494,294,447,282
14.5508155,300,460,325
14.57707607,284,504,308
14.60333664,299,467,296
14.6295972,294,507,303
14.65585777,277,573,338
14.68211833,313,508,305
14.7083789,262,528,297
14.73463946,283,532,278
14.76090003,328,562,305
14.78716059,330,560,303
14.81342116,303,601,288
14.83968172,266,692,286
14.86594229,312,731,286
14.89220285,266,721,292
14.91846342,272,760,296
14.94472398,286,865,285
14.97098455,292,958,296
14.99724512,272,1129,289
15.02350568,294,1256,270
15.04976625,272,1447,314
15.07602681,278,1720,301
15.10228738,253,2130,279
15.12854794,266,2620,266
15.15480851,282,3184,287
15.18106907,284,3947,287
15.20732964,272,4864,305
15.2335902,257,5987,275
15.25985077,268,7135,285
15.28611133,262,7687,273
15.3123719,258,7940,260
15.33863247,275,7048,264
15.36489303,264,5865,278
15.3911536,276,4374,285
15.41741416,281,3179,253
15.44367473,266,2374,253
15.46993529,282,1700,270
15.49619586,273,1400,256
15.52245642,297,1139,253
15.54871699,256,1035,284
15.57497755,246,862,261
15.60123812,267,781,264
15.62749868,252,691,260
15.65375925,254,639,256
15.68001981,230,591,238
15.70628038,241,571,278
15.73254095,263,597,306
15.75880151,263,511,242
15.78506208,268,464,265
15.81132264,271,483,275
15.83758321,254,431,271
15.86384377,258,476,246
15.89010434,273,392,267
15.9163649,241,415,262
15.94262547,274,416,293
15.96888603,247,444,258
15.9951466,233,388,236
16.02140716,238,387,250
16.04766773,231,386,244
16.0739283,215,386,254
16.10018886,255,351,230
16.12644943,231,382,258
16.15270999,261,394,267
16.17897056,261,369,245
16.20523112,238,393,248
16.23149169,275,352,279
16.25775225,253,356,248
16.28401282,265,349,254
16.31027338,242,328,253
16.33653395,280,304,244
16.36279451,269,342,240
16.38905508,225,360,228
16.41531564,237,327,242
16.44157621,251,345,263
16.46783678,244,345,249
16.49409734,261,319,233
16.52035791,236,303,267
16.54661847,223,317,259
16.57287904,237,344,271
16.5991396,240,318,259
16.62540017,238,291,255
16.65166073,237,300,232
16.6779213,252,287,255
16.70418186,233,317,247
16.73044243,252,334,251
16.75670299,231,325,268
16.78296356,249,299,225
16.80922413,205,318,225
16.83548469,255,296,249
16.86174526,217,304,259
16.88800582,224,328,224
16.91426639,239,296,218
16.94052695,235,311,229
16.96678752,229,325,239
16.99304808,201,294,254
17.01930865,227,319,247
17.04556921,220,320,243
17.07182978,244,310,244
17.09809034,229,290,234
17.12435091,231,296,252
17.15061147,251,321,234
17.17687204,224,323,253
17.20313261,229,311,238
17.22939317,209,324,225
17.25565374,245,316,254
17.2819143,225,287,230
17.30817487,236,260,228
17.33443543,228,309,232
17.360696,221,296,237
17.38695656,230,286,239
17.41321713,230,282,224
17.43947769,210,280,225
17.46573826,237,279,215
17.49199882,208,309,248
17.51825939,214,285,255
17.54451996,201,282,225
17.57078052,215,284,246
17.59704109,218,313,213
17.62330165,194,311,248
17.64956222,219,277,207
17.67582278,210,288,220
17.70208335,205,281,221
17.72834391,231,263,230
17.75460448,264,291,201
17.78086504,215,297,240
17.80712561,211,274,218
17.83338617,213,299,242
17.85964674,221,308,238
17.8859073,210,276,230
17.91216787,210,278,240
17.93842844,218,316,224
17.964689,216,287,218
17.99094957,193,270,228
18.01721013,228,259,200
18.0434707,216,274,223
18.06973126,220,297,231
18.09599183,215,304,207
18.12225239,180,288,205
18.14851296,186,282,201
18.17477352,216,269,243
18.20103409,198,269,234
18.22729465,233,287,196
18.25355522,214,271,211
18.27981579,181,300,214
18.30607635,202,295,230
18.33233692,195,271,228
18.35859748,190,299,206
18.38485805,195,294,205
18.41111861,220,287,231
18.43737918,189,284,215
18.46363974,214,295,187
18.48990031,202,245,213
18.51616087,202,279,224
18.54242144,212,278,213
18.568682,205,292,223
18.59494257,216,253,222
18.62120313,220,301,226
18.6474637,189,269,240
18.67372427,198,285,223
18.69998483,185,268,217
18.7262454,198,282,221
18.75250596,206,309,209
18.77876653,206,299,208
18.80502709,219,282,210
18.83128766,177,285,204
18.85754822,194,280,205
18.88380879,210,297,201
18.91006935,196,321,222
18.93632992,195,306,193
18.96259048,204,341,206
18.98885105,203,306,190
19.01511162,190,357,205
19.04137218,173,403,195
19.06763275,212,423,193
19.09389331,209,418,199
19.12015388,207,418,209
19.14641444,182,388,210
19.17267501,181,436,217
19.19893557,192,445,197
19.22519614,199,465,232
19.2514567,182,483,189
19.27771727,179,496,192
19.30397783,175,475,223
19.3302384,197,506,203
19.35649896,187,486,194
19.38275953,186,513,182
19.4090201,197,438,185
19.43528066,201,436,196
19.46154123,191,413,197
19.48780179,153,403,174
19.51406236,168,409,175
19.54032292,173,367,164
19.56658349,160,374,197
19.59284405,165,395,197
19.61910462,177,384,185
19.64536518,230,368,169
19.67162575,172,425,188
19.69788631,170,448,211
19.72414688,170,540,193
19.75040745,203,518,197
19.77666801,195,718,186
19.80292858,160,744,173
19.82918914,177,898,168
19.85544971,186,995,183
19.88171027,174,1211,195
19.90797084,162,1192,211
19.9342314,203,1164,180
19.96049197,172,964,193
19.98675253,185,805,168
20.0130131,189,598,198
20.03927366,157,515,180
20.06553423,163,433,191
20.09179479,177,337,188
20.11805536,160,376,168
20.14431593,172,307,162
20.17057649,181,323,167
20.19683706,181,309,178
20.22309762,174,306,163
20.24935819,154,302,181
20.27561875,177,311,188
20.30187932,180,291,184
20.32813988,160,292,184
20.35440045,154,280,180
20.38066101,170,257,194
20.40692158,177,288,180
20.43318214,162,289,172
20.45944271,175,310,170
20.48570328,181,313,181
20.51196384,171,289,184
20.53822441,187,307,188
20.56448497,166,275,158
20.59074554,144,263,190
20.6170061,167,269,167
20.64326667,160,270,170
20.66952723,154,303,179
20.6957878,165,301,185
20.72204836,158,311,173
20.74830893,143,279,164
20.77456949,188,279,170
20.80083006,158,311,184
20.82709062,172,317,189
20.85335119,159,334,169
20.87961176,155,307,175
20.90587232,151,349,194
20.93213289,174,354,161
20.95839345,224,427,171
20.98465402,160,422,157
21.01091458,166,501,157
21.03717515,156,551,161
21.06343571,150,707,157
21.08969628,172,856,166
21.11595684,181,1055,151
21.14221741,141,1429,195
21.16847797,159,1744,168
21.19473854,186,2218,143
21.2209991,167,2658,153
21.24725967,171,2787,143
21.27352024,155,2489,165
21.2997808,162,1936,161
21.32604137,168,1462,181
21.35230193,165,959,182
21.3785625,146,751,186
21.40482306,151,652,183
21.43108363,149,599,174
21.45734419,143,539,194
21.48360476,154,559,141
21.50986532,159,531,145
21.53612589,165,576,175
21.56238645,138,587,162
21.58864702,173,606,165
21.61490759,170,658,150
21.64116815,157,700,184
21.66742872,166,731,176
21.69368928,134,739,149
21.71994985,156,758,173
21.74621041,133,736,173
21.77247098,136,657,169
21.79873154,163,683,172
21.82499211,152,717,159
21.85125267,149,579,169
21.87751324,133,603,157
21.9037738,157,552,174
21.93003437,143,557,173
21.95629493,148,525,157
21.9825555,154,557,157
22.00881607,161,631,178
22.03507663,160,652,156
22.0613372,147,702,183
22.08759776,147,649,158
22.11385833,141,758,179
22.14011889,151,758,177
22.16637946,161,718,165
22.19264002,159,669,134
22.21890059,173,600,136
22.24516115,127,528,151
22.27142172,154,434,186
22.29768228,150,411,170
22.32394285,145,365,178
22.35020342,154,374,134
22.37646398,151,334,172
22.40272455,157,315,174
22.42898511,130,297,163
22.45524568,146,301,176
22.48150624,145,280,143
22.50776681,130,258,161
22.53402737,153,277,158
22.56028794,140,283,146
22.5865485,138,268,146
22.61280907,135,263,176
22.63906963,144,257,188
22.6653302,149,237,183
22.69159076,158,254,182
22.71785133,148,278,165
22.7441119,159,262,188
22.77037246,150,266,197
22.79663303,145,280,221
22.82289359,151,283,237
22.84915416,146,283,229
22.87541472,143,294,270
22.90167529,144,252,330
22.92793585,108,296,335
22.95419642,148,283,450
22.98045698,175,298,578
23.00671755,153,329,740
23.03297811,156,307,987
23.05923868,140,338,1261
23.08549925,152,367,1211
23.11175981,136,385,978
23.13802038,147,412,757
23.16428094,148,455,540
23.19054151,117,479,365
23.21680207,142,591,306
23.24306264,164,633,283
23.2693232,141,752,258
23.29558377,126,789,237
23.32184433,128,826,231
23.3481049,147,866,177
23.37436546,154,850,185
23.40062603,122,852,180
23.42688659,119,719,174
23.45314716,121,684,172
23.47940773,124,569,161
23.50566829,136,542,163
23.53192886,148,456,174
23.55818942,122,419,170
23.58444999,142,399,163
23.61071055,133,308,178
23.63697112,141,320,170
23.66323168,104,334,160
23.68949225,129,297,155
23.71575281,135,280,122
23.74201338,123,261,150
23.76827394,120,247,151
23.79453451,127,276,139
23.82079508,117,275,135
23.84705564,148,244,139
23.87331621,134,279,151
23.89957677,114,214,130
23.92583734,118,252,110
23.9520979,136,261,127
23.97835847,136,248,143
24.00461903,150,244,137
24.0308796,124,231,152
24.05714016,117,239,138
24.08340073,139,210,148
24.10966129,126,245,153
24.13592186,133,228,134
24.16218242,121,242,138
24.18844299,120,257,146
24.21470356,126,242,139
24.24096412,138,253,123
24.26722469,131,227,139
24.29348525,111,234,112
24.31974582,136,239,137
24.34600638,151,220,156
24.37226695,152,241,131
24.39852751,124,236,141
24.42478808,127,231,125
24.45104864,131,222,151
24.47730921,136,267,122
24.50356977,117,218,141
24.52983034,142,233,128
24.55609091,150,232,150
24.58235147,118,228,133
24.60861204,111,235,107
24.6348726,124,196,122
24.66113317,130,254,124
24.68739373,140,204,127
24.7136543,132,236,144
24.73991486,127,236,123
24.76617543,139,230,139
24.79243599,130,277,127
24.81869656,120,249,146
24.84495712,137,220,137
24.87121769,134,224,154
24.89747825,152,257,128
24.92373882,138,245,148
24.94999939,139,251,128
24.97625995,142,293,143
25.00252052,145,269,157
25.02878108,154,248,128
25.05504165,164,311,112
25.08130221,173,272,144
25.10756278,153,356,137
25.13382334,150,310,131
25.16008391,173,303,123
25.18634447,169,339,123
25.21260504,168,391,127
25.2388656,204,391,109
25.26512617,240,444,111
25.29138674,241,515,122
25.3176473,278,578,132
25.34390787,371,721,120
25.37016843,458,830,117
25.396429,667,882,131
25.42268956,943,896,130
25.44895013,1337,911,131
25.47521069,2060,888,127
25.50147126,3022,836,157
25.52773182,4484,771,132
25.55399239,6859,663,112
25.58025295,8069,540,113
25.60651352,6560,484,113
25.63277408,5044,404,120
25.65903465,3693,382,103
25.68529522,1818,362,120
25.71155578,936,325,130
25.73781635,541,303,107
25.76407691,402,314,122
25.79033748,311,272,125
25.81659804,260,285,113
25.84285861,226,287,121
25.86911917,189,288,113
25.89537974,201,269,111
25.9216403,193,254,143
25.94790087,190,250,130
25.97416143,169,284,124
26.000422,177,291,120
26.02668257,142,269,107
26.05294313,156,271,132
26.0792037,135,268,103
26.10546426,132,243,135
26.13172483,130,261,121
26.15798539,162,274,120
26.18424596,116,251,117
26.21050652,143,241,139
26.23676709,136,252,111
26.26302765,127,260,122
26.28928822,136,291,137
26.31554878,131,254,120
26.34180935,111,282,134
26.36806991,102,265,123
26.39433048,119,282,124
26.42059105,109,301,124
26.44685161,100,308,106
26.47311218,114,279,127
26.49937274,106,333,138
26.52563331,116,372,152
26.55189387,107,377,122
26.57815444,113,420,150
26.604415,109,395,148
26.63067557,108,512,128
26.65693613,121,590,139
26.6831967,141,647,142
26.70945726,103,807,127
26.73571783,91,930,123
26.7619784,108,1006,119
26.78823896,105,1147,133
26.81449953,116,1277,120
26.84076009,103,1583,124
26.86702066,99,1570,107
26.89328122,114,1695,113
26.91954179,105,1660,123
26.94580235,104,1632,103
26.97206292,130,1411,128
26.99832348,118,1298,118
27.02458405,124,1136,118
27.05084461,95,994,86
27.07710518,110,858,100
27.10336574,104,722,133
27.12962631,111,620,117
27.15588688,94,598,116
27.18214744,94,532,112
27.20840801,108,438,122
27.23466857,105,442,123
27.26092914,105,419,131
27.2871897,112,399,110
27.31345027,112,363,122
27.33971083,121,354,107
27.3659714,101,385,130
27.39223196,98,369,113
27.41849253,121,373,101
27.44475309,97,423,127
27.47101366,117,372,118
27.49727422,112,408,107
27.52353479,123,420,109
27.54979536,114,406,115
27.57605592,118,470,121
27.60231649,87,507,121
27.62857705,111,479,121
27.65483762,106,585,100
27.68109818,84,637,122
27.70735875,90,725,106
27.73361931,99,828,112
27.75987988,103,925,121
27.78614044,100,916,123
27.81240101,118,977,112
27.83866157,95,950,118
27.86492214,99,1008,105
27.89118271,88,994,128
27.91744327,87,980,128
27.94370384,97,901,131
27.9699644,106,894,135
27.99622497,94,896,113
28.02248553,99,812,140
28.0487461,96,736,102
28.07500666,110,788,127
28.10126723,105,834,133
28.12752779,95,816,131
28.15378836,98,889,133
28.18004892,98,899,122
28.20630949,100,970,142
28.23257005,109,966,121
28.25883062,95,1103,122
28.28509119,92,1141,131
28.31135175,81,1156,125
28.33761232,97,1064,142
28.36387288,118,1081,145
28.39013345,118,963,147
28.41639401,97,957,145
28.44265458,108,856,146
28.46891514,94,824,164
28.49517571,108,770,137
28.52143627,97,756,151
28.54769684,105,692,139
28.5739574,93,683,164
28.60021797,113,663,150
28.62647854,104,670,144
28.6527391,115,729,150
28.67899967,108,765,176
28.70526023,104,847,153
28.7315208,111,919,161
28.75778136,100,969,176
28.78404193,95,974,183
28.81030249,118,996,212
28.83656306,90,1026,197
28.86282362,112,928,203
28.88908419,97,938,246
28.91534475,88,878,275
28.94160532,91,832,282
28.96786588,84,800,302
28.99412645,94,721,313
29.02038702,94,666,351
29.04664758,87,649,427
29.07290815,89,556,442
29.09916871,101,576,543
29.12542928,91,510,679
29.15168984,118,536,809
29.17795041,100,525,877
29.20421097,95,481,1135
29.23047154,92,479,1526
29.2567321,104,430,1908
29.28299267,82,419,2638
29.30925323,110,395,3872
29.3355138,108,418,5795
29.36177437,103,372,8799
29.38803493,105,389,13312
29.4142955,99,373,17037
29.44055606,116,320,14061
29.46681663,111,343,11528
29.49307719,104,305,9855
29.51933776,98,329,6578
29.54559832,77,291,3765
29.57185889,83,302,2349
29.59811945,107,322,1761
29.62438002,100,308,1260
29.65064058,78,314,1057
29.67690115,92,316,882
29.70316171,99,308,687
29.72942228,91,284,635
29.75568285,94,303,559
29.78194341,91,275,513
29.80820398,94,313,444
29.83446454,91,326,408
29.86072511,104,314,346
29.88698567,87,265,333
29.91324624,89,302,320
29.9395068,103,299,306
29.96576737,94,310,252
29.99202793,90,325,240
30.0182885,104,301,217
30.04454906,89,346,256
30.07080963,100,362,217
30.0970702,84,358,214
30.12333076,86,332,192
30.14959133,109,371,166
30.17585189,85,383,182
30.20211246,73,446,175
30.22837302,97,465,165
30.25463359,94,461,178
30.28089415,86,512,146
30.30715472,81,574,146
30.33341528,94,575,133
30.35967585,97,685,174
30.38593641,107,737,151
30.41219698,89,778,142
30.43845754,103,887,148
30.46471811,81,933,130
30.49097868,85,1085,140
30.51723924,82,1209,119
30.54349981,81,1444,139
30.56976037,87,1637,117
30.59602094,88,1807,143
30.6222815,91,1980,132
30.64854207,88,2296,134
30.67480263,97,2791,123
30.7010632,104,3061,137
30.72732376,96,3435,115
30.75358433,83,4048,117
30.77984489,64,4607,115
30.80610546,88,4901,120
30.83236603,95,5185,132
30.85862659,84,5227,141
30.88488716,80,4836,141
30.91114772,93,4348,160
30.93740829,85,3837,131
30.96366885,90,3114,136
30.98992942,63,2613,136
31.01618998,88,2111,146
31.04245055,93,1709,134
31.06871111,83,1425,130
31.09497168,91,1226,141
31.12123224,98,1085,109
31.14749281,101,905,145
31.17375337,91,752,139
31.20001394,81,704,152
31.22627451,74,653,142
31.25253507,89,581,165
31.27879564,84,598,167
31.3050562,81,549,163
31.33131677,85,556,188
31.35757733,93,515,228
31.3838379,91,519,283
31.41009846,97,515,341
31.43635903,84,486,451
31.46261959,92,515,402
31.48888016,77,558,380
31.51514072,81,613,351
31.54140129,108,635,320
31.56766186,91,636,247
31.59392242,118,633,186
31.62018299,110,584,191
31.64644355,76,581,136
31.67270412,93,523,128
31.69896468,75,485,143
31.72522525,95,468,123
31.75148581,77,390,112
31.77774638,101,405,115
31.80400694,93,342,88
31.83026751,75,355,108
31.85652807,91,344,117
31.88278864,98,297,99
31.9090492,79,302,118
31.93530977,87,282,118
31.96157034,70,314,85
31.9878309,82,286,94
32.01409147,91,319,110
32.04035203,86,340,118
32.0666126,102,315,95
32.09287316,82,352,110
32.11913373,76,335,99
32.14539429,80,337,98
32.17165486,82,406,118
32.19791542,87,433,96
32.22417599,88,448,103
32.25043655,78,483,94
32.27669712,69,461,111
32.30295769,95,509,79
32.32921825,79,474,95
32.35547882,91,444,101
32.38173938,86,462,95
32.40799995,92,424,89
32.43426051,74,359,105
32.46052108,86,332,104
32.48678164,77,324,97
32.51304221,80,352,97
32.53930277,79,289,75
32.56556334,78,307,82
32.5918239,85,298,86
32.61808447,84,280,74
32.64434503,82,297,102
32.6706056,87,320,89
32.69686617,69,308,87
32.72312673,96,315,75
32.7493873,90,342,96
32.77564786,76,286,75
32.80190843,78,331,69
32.82816899,82,304,96
32.85442956,86,366,90
32.88069012,76,325,67
32.90695069,87,360,81
32.93321125,77,436,88
32.95947182,79,446,94
32.98573238,102,474,72
33.01199295,67,537,95
33.03825352,85,588,99
33.06451408,80,602,80
33.09077465,82,796,98
33.11703521,53,863,81
33.14329578,79,945,110
33.16955634,78,1076,90
33.19581691,70,1213,68
33.22207747,70,1362,83
33.24833804,73,1445,91
33.2745986,81,1517,72
33.30085917,66,1454,95
33.32711973,71,1444,87
33.3533803,91,1379,90
33.37964086,77,1279,94
33.40590143,79,1180,87
33.432162,86,1017,82
33.45842256,85,972,89
33.48468313,86,788,92
33.51094369,78,680,80
33.53720426,91,642,77
33.56346482,77,556,82
33.58972539,100,437,88
33.61598595,64,441,64
33.64224652,93,433,85
33.66850708,106,388,84
33.69476765,82,343,74
33.72102821,73,333,98
33.74728878,82,333,79
33.77354934,70,329,71
33.79980991,70,349,66
33.82607048,86,308,94
33.85233104,76,332,88
33.87859161,88,363,72
33.90485217,93,331,77
33.93111274,92,346,95
33.9573733,96,373,75
33.98363387,85,448,80
34.00989443,96,410,78
34.036155,92,437,81
34.06241556,88,378,54
34.08867613,74,345,69
34.11493669,62,361,71
34.14119726,95,343,72
34.16745783,82,284,80
34.19371839,87,291,78
34.21997896,102,264,80
34.24623952,95,243,81
34.27250009,89,202,83
34.29876065,90,252,75
34.32502122,87,240,77
34.35128178,113,253,82
34.37754235,128,227,94
34.40380291,113,222,84
34.43006348,106,238,80
34.45632404,102,227,110
34.48258461,94,254,79
34.50884517,115,211,78
34.53510574,108,220,82
34.56136631,97,225,77
34.58762687,117,253,83
34.61388744,140,235,89
34.640148,118,232,76
34.66640857,116,252,78
34.69266913,146,228,83
34.7189297,135,258,74
34.74519026,152,244,74
34.77145083,197,255,75
34.79771139,188,237,87
34.82397196,195,279,78
34.85023252,248,258,96
34.87649309,296,280,93
34.90275366,352,272,73
34.92901422,495,303,68
34.95527479,685,312,68
34.98153535,979,345,75
35.00779592,1362,346,88
35.03405648,2033,365,77
35.06031705,3149,425,98
35.08657761,5113,438,85
35.11283818,7814,475,81
35.13909874,10848,480,85
35.16535931,10445,560,95
35.19161987,7293,564,82
35.21788044,6148,560,99
35.244141,5888,621,78
35.27040157,3860,575,75
35.29666214,1770,601,112
35.3229227,986,577,88
35.34918327,633,571,97
35.37544383,471,628,82
35.4017044,351,614,89
35.42796496,287,600,106
35.45422553,246,615,89
35.48048609,233,642,87
35.50674666,209,582,93
35.53300722,195,615,84
35.55926779,161,614,96
35.58552835,158,569,104
35.61178892,140,621,107
35.63804949,112,581,120
35.66431005,106,690,133
35.69057062,119,661,124
35.71683118,109,713,154
35.74309175,100,780,153
35.76935231,88,933,190
35.79561288,94,980,226
35.82187344,89,1062,258
35.84813401,100,1130,314
35.87439457,106,1262,416
35.90065514,104,1373,539
35.9269157,96,1319,813
35.95317627,77,1262,1121
35.97943683,87,1246,1388
36.0056974,78,1272,1261
36.03195797,85,1133,1016
36.05821853,80,1082,964
36.0844791,86,959,855
36.11073966,89,977,608
36.13700023,84,891,409
36.16326079,77,890,348
36.18952136,71,902,236
36.21578192,83,950,226
36.24204249,71,806,202
36.26830305,73,803,160
36.29456362,70,924,144
36.32082418,81,780,146
36.34708475,56,747,128
36.37334532,82,789,115
36.39960588,91,703,127
36.42586645,73,574,121
36.45212701,87,617,109
36.47838758,76,525,101
36.50464814,78,501,89
36.53090871,74,471,105
36.55716927,78,369,116
36.58342984,71,409,92
36.6096904,66,388,115
36.63595097,72,387,102
36.66221153,69,393,96
36.6884721,76,379,94
36.71473266,67,371,93
36.74099323,61,428,100
36.7672538,59,382,90
36.79351436,85,402,92
36.81977493,73,369,66
36.84603549,69,389,79
36.87229606,66,395,78
36.89855662,78,413,89
36.92481719,72,396,68
36.95107775,62,396,74
36.97733832,68,387,71
37.00359888,91,340,82
37.02985945,76,374,89
37.05612001,67,386,80
37.08238058,80,378,84
37.10864115,72,370,72
37.13490171,81,381,68
37.16116228,79,377,73
37.18742284,81,373,88
37.21368341,70,403,68
37.23994397,76,352,69
37.26620454,95,359,80
37.2924651,79,325,79
37.31872567,94,351,90
37.34498623,92,325,87
37.3712468,102,332,71
37.39750736,112,307,70
37.42376793,111,327,69
37.45002849,119,264,73
37.47628906,165,308,65
37.50254963,166,304,87
37.52881019,187,307,88
37.55507076,230,315,79
37.58133132,322,285,96
37.60759189,429,330,79
37.63385245,600,292,65
37.66011302,922,265,87
37.68637358,1376,282,69
37.71263415,2254,279,79
37.73889471,3477,272,68
37.76515528,4638,302,79
37.79141584,4284,283,67
37.81767641,3037,274,82
37.84393698,2504,248,79
37.87019754,2536,266,63
37.89645811,1912,278,59
37.92271867,908,248,68
37.94897924,509,260,88
37.9752398,337,246,87
38.00150037,240,270,65
38.02776093,220,284,75
38.0540215,180,268,53
38.08028206,164,318,55
38.10654263,135,309,68
38.13280319,115,324,62
38.15906376,103,358,63
38.18532432,104,362,60
38.21158489,122,418,77
38.23784546,110,491,63
38.26410602,90,526,78
38.29036659,93,628,66
38.31662715,69,735,96
38.34288772,75,728,81
38.36914828,77,660,61
38.39540885,72,633,65
38.42166941,67,644,78
38.44792998,81,544,68
38.47419054,93,531,68
38.50045111,77,445,84
38.52671167,66,425,82
38.55297224,82,376,77
38.57923281,56,377,80
38.60549337,58,324,83
38.63175394,90,331,109
38.6580145,68,370,91
38.68427507,65,358,82
38.71053563,63,372,97
38.7367962,72,353,81
38.76305676,60,407,96
38.78931733,55,439,106
38.81557789,78,469,97
38.84183846,80,505,113
38.86809902,76,553,102
38.89435959,58,646,86
38.92062015,62,629,101
38.94688072,51,717,110
38.97314129,78,752,132
38.99940185,66,792,123
39.02566242,67,856,136
39.05192298,67,935,139
39.07818355,57,1001,134
39.10444411,61,1004,160
39.13070468,58,1015,181
39.15696524,58,962,188
39.18322581,44,955,226
39.20948637,49,872,241
39.23574694,58,927,317
39.2620075,60,811,384
39.28826807,62,788,461
39.31452864,61,731,554
39.3407892,55,651,810
39.36704977,68,606,1115
39.39331033,62,536,1635
39.4195709,52,475,1938
39.44583146,58,403,1705
39.47209203,65,404,1439
39.49835259,69,344,1353
39.52461316,84,355,1300
39.55087372,65,331,1015
39.57713429,58,340,731
39.60339485,63,293,563
39.62965542,63,292,397
39.65591598,57,299,315
39.68217655,61,258,277
39.70843712,66,278,242
39.73469768,52,230,214
39.76095825,56,288,208
39.78721881,77,241,177
39.81347938,47,241,150
39.83973994,62,246,137
39.86600051,47,282,140
39.89226107,68,246,160
39.91852164,65,262,140
39.9447822,49,274,112
39.97104277,49,270,109
39.99730333,54,261,124
40.0235639,58,239,106
40.04982447,54,275,89
40.07608503,51,295,91
40.1023456,52,311,85
40.12860616,51,302,100
40.15486673,74,268,105
40.18112729,53,347,80
40.20738786,64,335,76
40.23364842,53,324,89
40.25990899,53,371,75
40.28616955,57,383,82
40.31243012,59,387,67
40.33869068,64,449,99
40.36495125,57,420,81
40.39121181,51,519,76
40.41747238,43,541,75
40.44373295,53,482,80
40.46999351,66,503,79
40.49625408,63,472,82
40.52251464,55,484,70
40.54877521,50,473,65
40.57503577,51,533,72
40.60129634,53,545,69
40.6275569,62,570,82
40.65381747,61,600,76
40.68007803,75,712,71
40.7063386,48,747,56
40.73259916,66,885,72
40.75885973,55,966,74
40.78512029,59,1042,68
40.81138086,77,1214,82
40.83764143,57,1290,90
40.86390199,51,1392,66
40.89016256,57,1380,71
40.91642312,48,1373,63
40.94268369,63,1284,70
40.96894425,55,1260,63
40.99520482,58,1204,60
41.02146538,63,1076,76
41.04772595,31,1039,86
41.07398651,62,1000,73
41.10024708,52,904,78
41.12650764,37,871,68
41.15276821,62,948,82
41.17902878,49,864,70
41.20528934,51,877,81
41.23154991,47,879,54
41.25781047,53,909,72
41.28407104,77,855,77
41.3103316,62,834,68
41.33659217,64,917,66
41.36285273,80,881,70
41.3891133,81,841,61
41.41537386,61,778,60
41.44163443,68,847,81
41.46789499,86,889,75
41.49415556,65,884,58
41.52041612,71,920,74
41.54667669,82,987,65
41.57293726,75,1035,59
41.59919782,102,1153,77
41.62545839,137,1178,77
41.65171895,131,1323,54
41.67797952,152,1390,66
41.70424008,136,1426,69
41.73050065,122,1564,79
41.75676121,103,1584,76
41.78302178,121,1870,70
41.80928234,115,1735,82
41.83554291,68,1856,57
41.86180347,61,1840,69
41.88806404,64,1901,70
41.91432461,82,1844,94
41.94058517,69,1800,78
41.96684574,59,1821,72
41.9931063,67,1745,72
42.01936687,48,1773,78
42.04562743,66,1750,59
42.071888,84,1681,62
42.09814856,60,1729,73
42.12440913,87,1605,82
42.15066969,64,1536,81
42.17693026,62,1417,70
42.20319082,79,1397,65
42.22945139,69,1285,68
42.25571195,67,1257,69
42.28197252,83,1102,79
42.30823309,54,1062,74
42.33449365,71,963,93
42.36075422,75,832,87
42.38701478,76,776,80
42.41327535,67,745,70
42.43953591,77,664,70
42.46579648,82,599,94
42.49205704,69,531,89
42.51831761,80,460,76
42.54457817,72,430,86
42.57083874,84,418,85
42.5970993,78,365,87
42.62335987,92,385,92
42.64962044,82,328,97
42.675881,99,312,84
42.70214157,100,339,91
42.72840213,94,330,92
42.7546627,87,279,97
42.78092326,120,243,103
42.80718383,127,283,115
42.83344439,113,276,113
42.85970496,136,265,120
42.88596552,142,237,134
42.91222609,120,231,147
42.93848665,160,231,168
42.96474722,178,262,208
42.99100778,181,220,239
43.01726835,211,228,289
43.04352892,265,234,371
43.06978948,291,239,551
43.09605005,428,271,688
43.12231061,554,234,1146
43.14857118,715,291,1566
43.17483174,963,284,1734
43.20109231,1340,273,1509
43.22735287,1960,288,1151
43.25361344,3008,237,1177
43.279874,4889,243,1208
43.30613457,7509,241,983
43.33239513,10547,221,692
43.3586557,11375,205,444
43.38491627,7912,227,362
43.41117683,6013,208,308
43.4374374,5868,199,239
43.46369796,6176,192,188
43.48995853,4462,219,158
43.51621909,2246,197,160
43.54247966,1244,197,145
43.56874022,768,188,139
43.59500079,560,203,129
43.62126135,403,198,134
43.64752192,351,199,98
43.67378248,295,191,98
43.70004305,250,198,101
43.72630361,207,192,106
43.75256418,194,202,99
43.77882475,175,187,93
43.80508531,147,203,89
43.83134588,145,185,89
43.85760644,149,195,104
43.88386701,129,216,105
43.91012757,105,202,80
43.93638814,116,211,71
43.9626487,92,216,84
43.98890927,107,244,61
44.01516983,106,213,96
44.0414304,107,223,80
44.06769096,76,253,67
44.09395153,90,247,76
44.1202121,101,262,95
44.14647266,72,242,76
44.17273323,72,256,82
44.19899379,82,296,81
44.22525436,68,278,81
44.25151492,85,322,62
44.27777549,62,336,88
44.30403605,85,362,83
44.33029662,64,427,79
44.35655718,59,416,68
44.38281775,75,439,79
44.40907831,80,426,79
44.43533888,73,424,73
44.46159944,59,417,72
44.48786001,55,441,61
44.51412058,65,429,79
44.54038114,69,397,81
44.56664171,56,407,76
44.59290227,62,415,79
44.61916284,52,405,70
44.6454234,71,445,55
44.67168397,53,436,88
44.69794453,50,499,68
44.7242051,59,462,67
44.75046566,53,497,85
44.77672623,53,502,64
44.80298679,56,477,67
44.82924736,58,516,72
44.85550793,58,500,63
44.88176849,49,448,77
44.90802906,61,502,63
44.93428962,65,487,88
44.96055019,45,463,75
44.98681075,57,466,66
45.01307132,64,441,76
45.03933188,61,473,74
45.06559245,49,503,62
45.09185301,41,510,72
45.11811358,64,516,67
45.14437414,41,572,70
45.17063471,53,570,84
45.19689527,56,577,73
45.22315584,58,641,66
45.24941641,45,682,76
45.27567697,53,741,71
45.30193754,58,742,64
45.3281981,51,808,76
45.35445867,58,882,59
45.38071923,52,1001,71
45.4069798,48,1051,73
45.43324036,60,1106,70
45.45950093,54,1202,62
45.48576149,42,1357,73
45.51202206,47,1395,93
45.53828262,49,1402,68
45.56454319,48,1405,74
45.59080376,48,1453,72
45.61706432,48,1303,66
45.64332489,50,1175,65
45.66958545,49,1122,60
45.69584602,51,1010,78
45.72210658,56,938,78
45.74836715,59,834,77
45.77462771,43,702,77
45.80088828,50,661,77
45.82714884,47,585,86
45.85340941,49,573,71
45.87966997,48,586,82
45.90593054,42,509,73
45.9321911,47,527,68
45.95845167,71,525,77
45.98471224,67,561,68
46.0109728,51,553,76
46.03723337,62,543,92
46.06349393,82,532,81
46.0897545,97,546,82
46.11601506,123,583,66
46.14227563,161,558,77
46.16853619,205,496,84
46.19479676,176,478,77
46.22105732,117,454,78
46.24731789,135,444,98
46.27357845,118,399,86
46.29983902,111,374,103
46.32609959,74,342,93
46.35236015,72,341,87
46.37862072,75,311,91
46.40488128,57,324,105
46.43114185,59,280,79
46.45740241,61,296,91
46.48366298,40,290,108
46.50992354,53,303,84
46.53618411,57,274,88
46.56244467,38,269,96
46.58870524,44,278,108
46.6149658,51,285,93
46.64122637,44,304,140
46.66748693,57,325,123
46.6937475,60,302,107
46.72000807,39,343,123
46.74626863,49,347,131
46.7725292,56,394,131
46.79878976,51,432,146
46.82505033,50,434,165
46.85131089,42,543,161
46.87757146,59,621,182
46.90383202,41,638,197
46.93009259,53,711,192
46.95635315,53,770,240
46.98261372,50,789,258
47.00887428,47,798,274
47.03513485,56,846,359
47.06139541,55,815,471
47.08765598,56,732,566
47.11391655,55,674,680
47.14017711,46,644,713
47.16643768,43,596,582
47.19269824,46,610,580
47.21895881,41,518,588
47.24521937,58,492,618
47.27147994,42,473,562
47.2977405,55,440,574
47.32400107,56,396,512
47.35026163,54,341,614
47.3765222,46,346,640
47.40278276,38,361,785
47.42904333,50,370,959
47.4553039,48,380,1361
47.48156446,46,346,1770
47.50782503,43,332,2064
47.53408559,55,347,2190
47.56034616,52,383,1786
47.58660672,38,332,1650
47.61286729,48,351,1518
47.63912785,41,392,1446
47.66538842,39,405,1288
47.69164898,45,405,1038
47.71790955,43,431,781
47.74417011,51,400,648
47.77043068,50,393,511
47.79669124,34,405,473
47.82295181,50,357,347
47.84921238,42,389,341
47.87547294,42,379,322
47.90173351,58,391,299
47.92799407,46,335,259
47.95425464,55,380,244
47.9805152,42,355,233
48.00677577,62,348,208
48.03303633,40,309,231
48.0592969,51,313,202
48.08555746,41,294,224
48.11181803,54,284,223
48.13807859,56,257,245
48.16433916,43,244,237
48.19059973,43,228,253
48.21686029,58,231,273
48.24312086,44,211,276
48.26938142,37,198,329
48.29564199,30,216,303
48.32190255,47,221,378
48.34816312,51,203,453
48.37442368,45,201,522
48.40068425,50,204,639
48.42694481,52,195,865
48.45320538,41,215,1168
48.47946594,35,210,1607
48.50572651,67,221,1864
48.53198707,54,227,1883
48.55824764,47,240,1627
48.58450821,38,245,1455
48.61076877,48,276,1383
48.63702934,43,259,1333
48.6632899,59,257,1225
48.68955047,48,300,910
48.71581103,57,281,694
48.7420716,49,329,557
48.76833216,46,356,387
48.79459273,64,384,353
48.82085329,35,389,305
48.84711386,40,472,290
48.87337442,32,452,216
48.89963499,40,468,201
48.92589556,46,566,221
48.95215612,53,584,168
48.97841669,61,618,171
49.00467725,39,638,140
49.03093782,51,681,138
49.05719838,40,647,145
49.08345895,46,661,134
49.10971951,57,626,103
49.13598008,52,594,126
49.16224064,44,555,140
49.18850121,48,507,102
49.21476177,50,492,119
49.24102234,55,472,106
49.2672829,53,459,91
49.29354347,47,481,101
49.31980404,47,453,113
49.3460646,60,445,99
49.37232517,58,420,107
49.39858573,58,402,87
49.4248463,42,427,77
49.45110686,51,475,86
49.47736743,53,465,88
49.50362799,46,498,82
49.52988856,31,510,87
49.55614912,49,540,76
49.58240969,46,512,88
49.60867025,41,495,95
49.63493082,54,539,79
49.66119139,47,501,77
49.68745195,36,487,81
49.71371252,48,427,73
49.73997308,51,406,75
49.76623365,60,446,75
49.79249421,46,402,76
49.81875478,40,447,71
49.84501534,47,391,66
49.87127591,49,408,64
49.89753647,54,423,71
49.92379704,55,400,77
49.9500576,54,374,72
49.97631817,50,477,63
50.00257873,47,416,77
50.0288393,34,479,72
50.05509987,54,476,59
50.08136043,42,480,82
50.107621,62,448,67
50.13388156,34,485,56
50.16014213,44,486,70
50.18640269,52,427,66
50.21266326,58,426,58
50.23892382,54,440,73
50.26518439,58,399,59
50.29144495,53,400,53
50.31770552,39,379,77
50.34396608,57,356,60
50.37022665,47,350,57
50.39648722,42,337,64
50.42274778,57,319,62
50.44900835,40,270,72
50.47526891,52,260,67
50.50152948,47,214,64
50.52779004,47,252,69
50.55405061,41,244,79
50.58031117,40,237,49
50.60657174,53,183,68
50.6328323,56,203,54
50.65909287,53,202,67
50.68535343,50,209,58
50.711614,42,197,69
50.73787456,42,216,50
50.76413513,48,198,51
50.7903957,31,196,57
50.81665626,45,193,55
50.84291683,63,182,62
50.86917739,44,174,51
50.89543796,51,169,45
50.92169852,47,159,66
50.94795909,62,152,59
50.97421965,56,156,64
51.00048022,48,165,65
51.02674078,38,164,56
51.05300135,45,169,63
51.07926191,59,181,45
51.10552248,54,167,68
51.13178305,45,164,69
51.15804361,70,171,54
51.18430418,66,174,57
51.21056474,53,158,52
51.23682531,45,166,56
51.26308587,59,162,59
51.28934644,51,182,49
51.315607,59,156,53
51.34186757,60,165,53
51.36812813,55,158,54
51.3943887,66,146,59
51.42064926,58,152,45
51.44690983,55,160,55
51.47317039,58,184,60
51.49943096,41,187,61
51.52569153,52,221,70
51.55195209,61,159,55
51.57821266,62,209,61
51.60447322,50,210,50
51.63073379,48,211,61
51.65699435,50,213,61
51.68325492,58,221,59
51.70951548,64,234,47
51.73577605,62,255,59
51.76203661,56,282,45
51.78829718,62,261,50
51.81455774,65,291,59
51.84081831,62,271,64
51.86707888,67,310,51
51.89333944,85,324,63
51.91960001,74,359,65
51.94586057,85,363,51
51.97212114,66,422,46
51.9983817,70,411,58
52.02464227,59,391,51
52.05090283,77,390,48
52.0771634,78,395,60
52.10342396,97,389,56
52.12968453,89,403,62
52.15594509,111,392,45
52.18220566,123,371,60
52.20846622,138,391,55
52.23472679,172,351,49
52.26098736,206,365,57
52.28724792,237,360,59
52.31350849,284,347,51
52.33976905,317,357,59
52.36602962,448,335,53
52.39229018,611,357,58
52.41855075,868,408,45
52.44481131,1337,418,55
52.47107188,2070,369,57
52.49733244,3059,425,55
52.52359301,4497,466,52
52.54985357,4777,549,52
52.57611414,3653,529,55
52.60237471,2408,601,57
52.62863527,2102,603,45
52.65489584,2460,699,62
52.6811564,2657,706,56
52.70741697,2176,736,43
52.73367753,1319,634,62
52.7599381,719,708,59
52.78619866,424,633,72
52.81245923,332,548,48
52.83871979,234,525,52
52.86498036,191,534,53
52.89124092,156,442,51
52.91750149,159,390,52
52.94376205,133,354,48
52.97002262,124,351,47
52.99628319,92,311,62
53.02254375,87,300,48
53.04880432,82,245,74
53.07506488,96,232,58
53.10132545,74,220,55
53.12758601,93,235,53
53.15384658,79,210,55
53.18010714,84,188,50
53.20636771,70,185,63
53.23262827,83,160,45
53.25888884,67,176,54
53.2851494,57,191,46
53.31140997,78,196,42
53.33767053,72,165,46
53.3639311,65,178,58
53.39019167,60,197,62
53.41645223,57,179,54
53.4427128,52,179,42
53.46897336,66,165,49
53.49523393,79,189,38
53.52149449,61,168,63
53.54775506,51,204,59
53.57401562,56,134,49
53.60027619,64,136,73
53.62653675,62,176,58
53.65279732,60,185,54
53.67905788,54,162,51
53.70531845,43,141,50
53.73157902,52,182,58
53.75783958,49,145,55
53.78410015,36,171,56
53.81036071,40,164,63
53.83662128,52,166,39
53.86288184,42,142,45
53.88914241,51,173,50
53.91540297,56,151,36
53.94166354,52,134,62
53.9679241,67,170,43
53.99418467,53,171,48
54.02044523,41,170,69
54.0467058,62,172,51
54.07296636,42,164,62
54.09922693,38,177,51
54.1254875,36,167,35
54.15174806,53,165,48
54.17800863,39,167,39
54.20426919,54,172,40
54.23052976,49,190,54
54.25679032,49,205,52
54.28305089,52,165,52
54.30931145,63,206,64
54.33557202,41,205,61
54.36183258,38,224,54
54.38809315,57,204,56
54.41435371,47,222,49
54.44061428,61,228,47
54.46687485,34,249,48
54.49313541,54,256,45
54.51939598,68,269,52
54.54565654,40,261,45
54.57191711,60,237,47
54.59817767,43,264,47
54.62443824,49,254,44
54.6506988,43,245,53
54.67695937,64,291,33
54.70321993,55,282,46
54.7294805,63,277,54
54.75574106,50,290,56
54.78200163,56,317,51
54.80826219,50,291,59
54.83452276,49,318,56
54.86078333,50,298,47
54.88704389,30,332,43
54.91330446,58,310,51
54.93956502,56,334,44
54.96582559,51,303,52
54.99208615,46,316,40
55.01834672,50,337,52
55.04460728,43,336,51
55.07086785,41,362,58
55.09712841,54,306,39
55.12338898,45,350,65
55.14964954,52,364,47
55.17591011,51,365,57
55.20217068,40,351,45
55.22843124,48,345,49
55.25469181,45,369,60
55.28095237,55,337,60
55.30721294,56,356,58
55.3334735,69,368,51
55.35973407,53,353,60
55.38599463,63,323,49
55.4122552,41,342,43
55.43851576,45,314,57
55.46477633,49,348,42
55.49103689,56,317,57
55.51729746,53,286,48
55.54355802,50,305,47
55.56981859,57,278,45
55.59607916,51,269,41
55.62233972,54,271,41
55.64860029,60,259,42
55.67486085,50,255,61
55.70112142,50,264,61
55.72738198,54,249,53
55.75364255,63,288,64
55.77990311,51,296,51
55.80616368,51,280,57
55.83242424,50,282,62
55.85868481,65,263,52
55.88494537,53,290,69
55.91120594,58,301,59
55.93746651,64,336,59
55.96372707,53,362,68
55.98998764,65,412,47
56.0162482,58,429,54
56.04250877,57,446,62
56.06876933,61,466,70
56.0950299,70,456,73
56.12129046,61,447,57
56.14755103,57,450,64
56.17381159,55,451,75
56.20007216,47,402,63
56.22633272,58,412,75
56.25259329,46,416,78
56.27885385,72,393,63
56.30511442,70,433,80
56.33137499,64,455,69
56.35763555,48,428,96
56.38389612,62,401,111
56.41015668,50,443,107
56.43641725,61,488,118
56.46267781,59,535,161
56.48893838,73,568,173
56.51519894,59,577,221
56.54145951,67,664,263
56.56772007,69,706,306
56.59398064,60,717,295
56.6202412,54,794,251
56.64650177,60,855,217
56.67276234,69,852,211
56.6990229,72,842,222
56.72528347,83,956,251
56.75154403,80,944,206
56.7778046,85,944,168
56.80406516,94,974,154
56.83032573,90,1024,115
56.85658629,73,1000,125
56.88284686,86,1057,123
56.90910742,110,1076,113
56.93536799,110,1021,101
56.96162855,108,1001,105
56.98788912,136,943,106
57.01414968,136,857,92
57.04041025,146,868,117
57.06667082,151,872,111
57.09293138,178,793,121
57.11919195,195,801,130
57.14545251,217,743,135
57.17171308,299,697,147
57.19797364,348,643,174
57.22423421,386,645,162
57.25049477,461,585,200
57.27675534,619,524,222
57.3030159,750,524,280
57.32927647,1023,446,320
57.35553703,1455,398,504
57.3817976,2284,393,589
57.40805817,3340,345,688
57.43431873,5061,353,606
57.4605793,7646,362,528
57.48683986,9512,313,458
57.51310043,8273,296,465
57.53936099,5298,292,449
57.56562156,3784,272,434
57.59188212,3629,310,408
57.61814269,4325,238,346
57.64440325,5130,248,269
57.67066382,4272,279,244
57.69692438,2521,256,175
57.72318495,1391,271,174
57.74944551,906,227,156
57.77570608,588,262,142
57.80196665,480,250,132
57.82822721,326,265,119
57.85448778,296,262,110
57.88074834,225,280,102
57.90700891,189,294,128
57.93326947,172,284,112
57.95953004,154,286,114
57.9857906,142,307,135
58.01205117,141,309,129
58.03831173,138,279,155
58.0645723,132,278,165
58.09083286,116,311,155
58.11709343,94,300,179
58.143354,99,299,147
58.16961456,114,300,136
58.19587513,90,299,141
58.22213569,98,326,142
58.24839626,88,329,119
58.27465682,78,342,119
58.30091739,62,367,114
58.32717795,88,402,105
58.35343852,70,446,78
58.37969908,87,427,76
58.40595965,89,501,60
58.43222021,65,480,63
58.45848078,61,560,64
58.48474134,74,604,72
58.51100191,76,584,70
58.53726248,60,596,56
58.56352304,52,628,55
58.58978361,64,606,78
58.61604417,58,605,56
58.64230474,71,609,67
58.6685653,66,585,62
58.69482587,68,615,50
58.72108643,57,594,66
58.747347,65,598,54
58.77360756,64,595,63
58.79986813,71,647,47
58.82612869,57,525,50
58.85238926,65,607,54
58.87864983,52,555,74
58.90491039,60,628,63
58.93117096,55,623,61
58.95743152,60,677,44
58.98369209,82,667,41
59.00995265,51,681,38
59.03621322,57,693,63
59.06247378,54,708,59
59.08873435,52,715,42
59.11499491,50,655,42
59.14125548,48,583,48
59.16751604,48,575,54
59.19377661,65,561,50
59.22003717,60,551,49
59.24629774,61,543,49
59.27255831,52,486,51
59.29881887,47,376,47
59.32507944,45,400,47
59.35134,65,343,53
59.37760057,46,318,49
59.40386113,60,318,65
59.4301217,60,270,49
59.45638226,60,283,47
59.48264283,64,275,45
59.50890339,67,264,38
59.53516396,63,246,63
59.56142452,76,278,47
59.58768509,85,271,38
59.61394565,90,243,53
59.64020622,122,272,50
59.66646679,193,233,58
59.69272735,230,242,50
59.71898792,270,255,52
59.74524848,282,246,50
59.77150905,206,235,62
59.79776961,150,253,64
59.82403018,119,270,61
59.85029074,147,235,56
59.87655131,158,295,62
59.90281187,175,274,47
59.92907244,134,249,47
59.955333,80,261,52
59.98159357,68,255,62
60.00785414,57,263,79
60.0341147,37,249,48
60.06037527,60,240,49
60.08663583,67,256,65
60.1128964,68,237,63
60.13915696,56,266,56
60.16541753,48,268,54
60.19167809,56,245,63
60.21793866,39,268,71
60.24419922,47,274,65
60.27045979,45,289,80
60.29672035,55,261,74
60.32298092,49,292,66
60.34924148,45,275,69
60.37550205,47,286,82
60.40176262,62,289,86
60.42802318,42,323,100
60.45428375,47,309,110
60.48054431,49,325,146
60.50680488,53,357,131
60.53306544,51,340,185
60.55932601,54,395,176
60.58558657,41,379,224
60.61184714,43,385,301
60.6381077,60,355,366
60.66436827,52,349,435
60.69062883,58,336,496
60.7168894,46,349,418
60.74314997,55,340,351
60.76941053,55,295,351
60.7956711,63,325,312
60.82193166,75,280,340
60.84819223,65,272,338
60.87445279,70,226,309
60.90071336,63,243,287
60.92697392,73,246,307
60.95323449,87,240,298
60.97949505,109,246,341
61.00575562,126,225,338
61.03201618,178,202,309
61.05827675,258,203,248
61.08453731,281,197,246
61.11079788,365,199,233
61.13705845,383,198,259
61.16331901,310,187,230
61.18957958,326,179,274
61.21584014,417,170,220
61.24210071,586,180,215
61.26836127,746,194,192
61.29462184,936,196,212
61.3208824,733,219,187
61.34714297,453,202,282
61.37340353,320,201,286
61.3996641,306,242,259
61.42592466,363,221,257
61.45218523,388,270,234
61.4784458,388,258,210
61.50470636,260,247,189
61.53096693,159,273,205
61.55722749,117,284,202
61.58348806,97,309,159
61.60974862,84,295,146
61.63600919,64,312,141
61.66226975,79,304,115
61.68853032,73,333,99
61.71479088,53,326,89
61.74105145,61,316,94
61.76731201,50,329,83
61.79357258,65,319,86
61.81983314,62,317,72
61.84609371,60,326,83
61.87235428,52,348,73
61.89861484,51,303,65
61.92487541,56,293,67
61.95113597,58,298,64
61.97739654,51,282,62
62.0036571,46,300,63
62.02991767,40,280,66
62.05617823,48,274,60
62.0824388,47,257,65
62.10869936,49,224,57
62.13495993,46,258,55
62.16122049,36,252,59
62.18748106,50,226,57
62.21374163,39,223,41
62.24000219,45,227,71
62.26626276,49,244,58
62.29252332,42,215,49
62.31878389,51,218,60
62.34504445,33,215,58
62.37130502,57,239,45
62.39756558,40,204,62
62.42382615,44,208,59
62.45008671,41,216,52
62.47634728,58,205,53
62.50260784,37,221,48
62.52886841,44,208,67
62.55512897,40,197,64
62.58138954,42,180,66
62.60765011,39,172,55
62.63391067,44,170,59
62.66017124,41,187,71
62.6864318,38,166,58
62.71269237,37,167,59
62.73895293,42,183,71
62.7652135,32,181,61
62.79147406,38,170,57
62.81773463,40,178,77
62.84399519,38,166,76
62.87025576,39,183,80
62.89651632,35,206,79
62.92277689,46,147,100
62.94903746,53,196,79
62.97529802,41,187,110
63.00155859,37,243,122
63.02781915,56,231,154
63.05407972,36,235,199
63.08034028,30,234,156
63.10660085,42,218,160
63.13286141,40,236,149
63.15912198,37,240,148
63.18538254,45,278,154
63.21164311,31,299,118
63.23790367,43,280,130
63.26416424,36,301,128
63.2904248,44,311,121
63.31668537,45,251,103
63.34294594,49,309,81
63.3692065,41,328,92
63.39546707,36,302,76
63.42172763,38,340,83
63.4479882,30,290,71
63.47424876,43,320,75
63.50050933,57,319,62
63.52676989,47,297,51
63.55303046,55,302,44
63.57929102,44,276,58
63.60555159,52,328,62
63.63181215,28,271,66
63.65807272,49,315,48
63.68433329,37,286,65
63.71059385,42,315,52
63.73685442,30,292,53
63.76311498,36,307,56
63.78937555,30,312,48
63.81563611,38,330,59
63.84189668,46,357,60
63.86815724,41,359,69
63.89441781,49,356,61
63.92067837,38,345,52
63.94693894,44,419,67
63.9731995,35,401,55
63.99946007,51,369,42
64.02572063,37,418,68
64.0519812,48,400,61
64.07824177,43,397,73
64.10450233,36,416,54
64.1307629,48,361,56
64.15702346,24,407,63
64.18328403,58,382,66
64.20954459,34,384,69
64.23580516,34,366,80
64.26206572,46,373,73
64.28832629,45,338,71
64.31458685,47,368,70
64.34084742,51,353,69
64.36710798,33,364,88
64.39336855,50,330,97
64.41962912,34,340,93
64.44588968,56,353,96
64.47215025,41,358,123
64.49841081,51,352,130
64.52467138,33,361,151
64.55093194,35,312,159
64.57719251,45,343,211
64.60345307,53,301,289
64.62971364,34,325,322
64.6559742,56,320,476
64.68223477,29,314,460
64.70849533,51,291,387
64.7347559,33,266,327
64.76101646,45,280,278
64.78727703,54,270,322
64.8135376,48,266,272
64.83979816,45,243,318
64.86605873,40,219,312
64.89231929,46,235,244
64.91857986,60,222,194
64.94484042,51,225,197
64.97110099,29,211,165
64.99736155,43,189,121
65.02362212,44,179,116
65.04988268,52,216,128
65.07614325,50,206,111
65.10240381,53,206,106
65.12866438,51,207,106
65.15492495,42,209,81
65.18118551,39,218,91
65.20744608,39,219,93
65.23370664,46,247,102
65.25996721,45,261,86
65.28622777,47,219,101
65.31248834,39,264,99
65.3387489,40,248,98
65.36500947,43,291,97
65.39127003,52,259,116
65.4175306,46,310,112
65.44379116,43,318,123
65.47005173,50,332,166
65.49631229,54,319,155
65.52257286,60,308,184
65.54883343,53,378,203
65.57509399,43,315,299
65.60135456,53,348,333
65.62761512,49,331,352
65.65387569,65,366,315
65.68013625,48,384,292
65.70639682,52,355,269
65.73265738,67,396,274
65.75891795,49,307,227
65.78517851,64,387,242
65.81143908,58,383,264
65.83769964,69,396,229
65.86396021,63,394,208
65.89022078,67,339,185
65.91648134,56,339,137
65.94274191,67,371,131
65.96900247,75,351,104
65.99526304,95,346,102
66.0215236,77,309,91
66.04778417,88,289,84
66.07404473,89,296,73
66.1003053,122,301,67
66.12656586,114,287,85
66.15282643,127,283,67
66.17908699,143,299,52
66.20534756,165,301,78
66.23160812,174,251,59
66.25786869,196,247,57
66.28412926,229,232,51
66.31038982,317,240,46
66.33665039,403,271,75
66.36291095,574,272,64
66.38917152,799,278,39
66.41543208,1159,312,59
66.44169265,1718,324,58
66.46795321,2617,333,64
66.49421378,3364,293,57
66.52047434,3219,342,51
66.54673491,2314,357,46
66.57299547,1445,368,43
66.59925604,1206,339,58
66.6255166,1231,363,42
66.65177717,1463,387,47
66.67803774,1695,382,56
66.7042983,1727,397,44
66.73055887,1262,380,47
66.75681943,717,399,44
66.78308,438,361,45
66.80934056,311,395,43
66.83560113,224,426,45
66.86186169,189,422,49
66.88812226,171,453,47
66.91438282,140,390,37
66.94064339,125,429,53
66.96690395,102,489,43
66.99316452,98,438,47
67.01942509,117,497,49
67.04568565,103,438,44
67.07194622,83,450,51
67.09820678,94,424,54
67.12446735,88,435,47
67.15072791,79,435,46
67.17698848,72,353,46
67.20324904,87,385,47
67.22950961,79,360,42
67.25577017,65,338,40
67.28203074,76,334,44
67.3082913,93,272,55
67.33455187,73,268,39
67.36081243,67,302,50
67.387073,71,245,61
67.41333357,93,253,60
67.43959413,67,233,45
67.4658547,72,247,42
67.49211526,79,247,41
67.51837583,85,236,37
67.54463639,93,233,49
67.57089696,83,203,42
67.59715752,103,233,53
67.62341809,89,184,50
67.64967865,80,226,52
67.67593922,88,236,44
67.70219978,96,230,52
67.72846035,107,238,41
67.75472092,92,238,52
67.78098148,145,213,44
67.80724205,166,200,41
67.83350261,184,215,53
67.85976318,187,216,46
67.88602374,209,215,48
67.91228431,231,222,54
67.93854487,257,224,46
67.96480544,304,203,37
67.991066,432,198,64
68.01732657,532,210,36
68.04358713,781,210,44
68.0698477,1100,181,49
68.09610826,1633,201,57
68.12236883,2423,211,37
68.1486294,3445,152,51
68.17488996,4683,163,56
68.20115053,5266,165,49
68.22741109,4089,204,48
68.25367166,2481,176,49
68.27993222,1815,162,48
68.30619279,1673,180,50
68.33245335,1918,176,55
68.35871392,2474,148,55
68.38497448,2808,220,40
68.41123505,2411,192,58
68.43749561,1512,215,48
68.46375618,895,210,35
68.49001675,587,208,37
68.51627731,382,177,48
68.54253788,292,183,58
68.56879844,268,166,55
68.59505901,193,191,41
68.62131957,168,199,55
68.64758014,143,191,58
68.6738407,118,213,40
68.70010127,110,208,48
68.72636183,106,219,55
68.7526224,98,209,41
68.77888296,106,209,50
68.80514353,103,215,44
68.83140409,73,211,56
68.85766466,72,193,48
68.88392523,74,175,48
68.91018579,64,174,68
68.93644636,75,186,57
68.96270692,63,162,60
68.98896749,70,177,68
69.01522805,62,159,56
69.04148862,68,190,67
69.06774918,59,155,74
69.09400975,54,146,71
69.12027031,70,158,80
69.14653088,55,149,117
69.17279144,47,157,115
69.19905201,51,128,141
69.22531258,46,153,130
69.25157314,47,149,98
69.27783371,48,145,92
69.30409427,72,147,95
69.33035484,55,164,92
69.3566154,68,157,91
69.38287597,60,190,112
69.40913653,58,134,93
69.4353971,50,143,96
69.46165766,53,153,89
69.48791823,50,141,93
69.51417879,56,155,71
69.54043936,37,149,63
69.56669992,60,168,67
69.59296049,57,161,54
69.61922106,43,132,62
69.64548162,47,159,57
69.67174219,45,186,56
69.69800275,46,186,42
69.72426332,42,146,65
69.75052388,44,163,66
69.77678445,60,197,53
69.80304501,41,198,46
69.82930558,47,175,71
69.85556614,50,207,65
69.88182671,46,188,64
69.90808727,42,184,65
69.93434784,39,194,53
69.96060841,40,182,57
69.98686897,35,204,66
